<soapenv:Envelope xmlns:soapenv="http://schemas.xmlsoap.org/soap/envelope/" xmlns:q0="http://www.sample.org/wmb/demo" xmlns:xsd="http://www.w3.org/2001/XMLSchema" xmlns:xsi="http://www.w3.org/2001/XMLSchema-instance">
 <soapenv:Body>
 <q0:buildRoute>
 <request>
  <sender>Terence</sender> 
  <startTime>2011-11-10T07:15:26.875Z</startTime> 
  <origin>Pier 83</origin> 
  <destination>Lincoln Center</destination> 
  <mode>subway_bus</mode> 
  </request>
  </q0:buildRoute>
  </soapenv:Body>
  </soapenv:Envelope>