<soapenv:Envelope xmlns:soapenv="http://schemas.xmlsoap.org/soap/envelope/">
 <soapenv:Body>
 <NS1:buildRouteResponse xmlns:NS1="http://www.sample.org/wmb/demo">
 <response>
 <routes>
  <mode>subway</mode> 
  <startTime>2011-11-10T07:16:35.581208</startTime> 
  <routeName>Subway UP10</routeName> 
  <endTime>2011-11-10T07:16:35.581208</endTime> 
  </routes>
 <routes>
  <mode>bus</mode> 
  <startTime>2011-11-10T07:16:35.605677</startTime> 
  <routeName>Bus M42</routeName> 
  <endTime>2011-11-10T07:16:35.605677</endTime> 
  </routes>
  </response>
  </NS1:buildRouteResponse>
  </soapenv:Body>
  </soapenv:Envelope>